key|Env|UserName|Password|FullName|ProfileType|Phone|Email|UserPassword|RetypePassword|Region|Region1|Add|Edit|Delete|View|Download
Usermanagement_MarketUser|dev2 |contiplus_admin@maildrop.cc|Abc@123456|Market India Automation|Market manager|9876543210|marketsmanager2023@gmail.com|Abc@123456|Abc@123456|APAC|EMEA|TRUE|TRUE|TRUE|TRUE|TRUE
Usermanagement_MarketUser|stage|contiplus_admin@maildrop.cc|Abc@123456|Market India Automation|Market manager|9876543210|marketsmanager2023@gmail.com|Abc@123456|Abc@123456|APAC|EMEA|TRUE|TRUE|TRUE|TRUE|TRUE

key|Env|UserName|Password|DistCorpName|DistShopName|CustSiteName|FullName|ProfileType|Phone|Email|UserPassword|RetypePassword|CoporateRole|Region|Add|Edit|Delete|View|Download
Usermanagement_DistributorUser|dev2 |contiplus_admin@maildrop.cc|Abc@123456|Dist Automation Common Corp|Dist Automation Common India|Cust Automation Common India|Distributor Automation|Distributor User|9876543210|distributoruser2023@gmail.com|Abc@123456|Abc@123456|Manager|APAC|TRUE|TRUE|FALSE|TRUE|FALSE
Usermanagement_DistributorUser|stage|contiplus_admin@maildrop.cc|Abc@123456|Dist Automation Common Corp|Dist Automation Common India|Cust Automation Common India|Distributor Automation|Distributor User|9876543210|distributoruser2023@gmail.com|Abc@123456|Abc@123456|Manager|APAC|TRUE|TRUE|FALSE|TRUE|FALSE

key|Env|UserName|Password|FullName|DistCorpName|DistCorpAddress|DistShopIndName|DistShopIndAddress|DistShopAusName|DistShopAusAddress|CustCorpName|CustCorpAddress|CustSiteIndName|CustSiteIndAddress|CustSiteNZName|CustSiteNZAddress|CustSiteAusName|CustSiteAusAddress|TerritoryInd|TerritoryAus|TerritoryNZ
CorporateMangement_Create|dev2|marketsmanager2023@gmail.com|Abc@123456|Territory India Automation|Dist Automation Sanity Corp|Bangalore Airport Lounge, Kempegowda Int'l Airport Rd, A - Block, Karnataka, India|Dist Automation Sanity  India|India Gate, Kartavya Path, India Gate, New Delhi, Delhi, India|Dist  Automation Sanity Australia|Berlin Brandenburg Airport, Willy-Brandt-Platz, Schönefeld, Germany|Cust Automation Sanity Corp|Berlin Brandenburg Airport, Willy-Brandt-Platz, Schönefeld, Germany|Cust Automation Sanity India |Berlin Brandenburg Airport, Willy-Brandt-Platz, Schönefeld, Germany|Cust Automation Sanity Site NZ|Manque Global - Luggage Storage In Mumbai Airport, Chhatrapati Shivaji Maharaj International Airport Road, Navpada, Vile Parle East, Vile Parle, Mumbai, Maharashtra, India|Cust Automation Sanity Site Aus|Manque Global - Luggage Storage In Mumbai Airport, Chhatrapati Shivaji Maharaj International Airport Road, Navpada, Vile Parle East, Vile Parle, Mumbai, Maharashtra, India|India|Australia|New Zealand
CorporateMangement_Create|stage|marketsmanager2023@gmail.com|Abc@123456|Territory India Automation|Dist Automation Sanity Corp|Bangalore Airport Lounge, Kempegowda Int'l Airport Rd, A - Block, Karnataka, India|Dist Automation Sanity  India|India Gate, Kartavya Path, India Gate, New Delhi, Delhi, India|Dist  Automation Sanity Australia|Berlin Brandenburg Airport, Willy-Brandt-Platz, Schönefeld, Germany|Cust Automation Sanity Corp|Berlin Brandenburg Airport, Willy-Brandt-Platz, Schönefeld, Germany|Cust Automation Sanity India |Berlin Brandenburg Airport, Willy-Brandt-Platz, Schönefeld, Germany|Cust Automation Sanity Site NZ|Manque Global - Luggage Storage In Mumbai Airport, Chhatrapati Shivaji Maharaj International Airport Road, Navpada, Vile Parle East, Vile Parle, Mumbai, Maharashtra, India|Cust Automation Sanity Site Aus|Manque Global - Luggage Storage In Mumbai Airport, Chhatrapati Shivaji Maharaj International Airport Road, Navpada, Vile Parle East, Vile Parle, Mumbai, Maharashtra, India|India|Australia|New Zealand

key|Env|UserName|Password|FullName|CustCorpName|EditCustCorpName|CorpImageName|CustSiteName|EditCustSiteName|CustSiteImageName
CorporateMangement_Edit|dev2|marketsmanager2023@gmail.com|Abc@123456|Territory India Automation|Cust Automation Sanity Corp|Cust-Edit Automation Sanity Corp|corp.jpeg|Cust Automation Sanity India|Cust-Edit Automation Sanity India|site.png
CorporateMangement_Edit|stage|marketsmanager2023@gmail.com|Abc@123456|Territory India Automation|Cust Automation Sanity Corp|Cust-Edit Automation Sanity Corp|corp.jpeg|Cust Automation Sanity India|Cust-Edit Automation Sanity India|site.png

key|Env|UserName|Password|FullName|DistCorpName|DistShopIndName|CustSiteName|CustCorpName
CorporateMangement_Delete|dev2|marketsmanager2023@gmail.com|Abc@123456|Territory India Automation|Dist Automation Sanity Corp|Dist Automation Sanity  India|Cust-Edit Automation Sanity India|Cust-Edit Automation Sanity  Corp
CorporateMangement_Delete|stage|marketsmanager2023@gmail.com|Abc@123456|Territory India Automation|Dist Automation Sanity Corp|Dist Automation Sanity  India|Cust-Edit Automation Sanity India|Cust-Edit Automation Sanity  Corp

key|Env|UserName|Password|DistShopAusName|CustSiteNZName|ConveyorName1|ConveyorName2|ConveyorName3|DistShopAusName|CustSiteAusName|ConveyorName4|ConveyorName5|ConveyorName6
Conveyor_Management|dev2|marketsmanager2023@gmail.com|Abc@123456|Dist  Automation Sanity Australia|Cust Automation Sanity Site NZ|C1 Automation Sanity|C2 Automation Sanity|C3 Automation Sanity|Dist  Automation Sanity Australia|Cust Automation Sanity Site Aus|C4 Automation Sanity|C5 Automation Sanity|C6 Automation Sanity
Conveyor_Management|stage|marketsmanager2023@gmail.com|Abc@123456|Dist  Automation Sanity Australia|Cust Automation Sanity Site NZ|C1 Automation Sanity|C2 Automation Sanity|C3 Automation Sanity|Dist  Automation Sanity Australia|Cust Automation Sanity Site Aus|C4 Automation Sanity|C5 Automation Sanity|C6 Automation Sanity

key|Env|UserName|Password|DistCorpName|CustSiteName|FileName|CustCorpName|CustSite2Name
Conveyor_BulkUpload|dev2|marketsmanager2023@gmail.com|Abc@123456|Dist  Automation Sanity Australia|Cust Automation Sanity Site Aus|ConveyorUpload.xlsx|Cust-Edit Automation Sanity Corp|Cust Automation Sanity Site NZ
Conveyor_BulkUpload|stage|marketsmanager2023@gmail.com|Abc@123456|Dist  Automation Sanity Australia|Cust Automation Sanity Site Aus|ConveyorUpload.xlsx|Cust-Edit Automation Sanity Corp|Cust Automation Sanity Site NZ

key|Env|UserName|Password|CustCorpName|CustSiteName
Corporate_Card|dev2|marketsmanager2023@gmail.com|Abc@123456|Cust-Edit Automation Sanity Corp|Cust Automation Sanity Site NZ
Corporate_Card|stage|marketsmanager2023@gmail.com|Abc@123456|Cust-Edit Automation Sanity Corp|Cust Automation Sanity Site NZ

key|Env|UserName|Password|ConveyorName|CustSiteName|EditConveyorName
Conveyor_Edit|dev2|marketsmanager2023@gmail.com|Abc@123456|C8 Automation Sanity|Cust Automation Sanity Site Aus|C8-Edit Automation Sanity
Conveyor_Edit|stage|marketsmanager2023@gmail.com|Abc@123456|C8 Automation Sanity|Cust Automation Sanity Site Aus|C8-Edit Automation Sanity

key|Env|UserName|Password|FullName|ConveyorName|ConveyorName1|CustSiteName|InspectionName|AssetName|AssetDetail|FailureMode|Condition|Status|AssetName2|AssetDetail2|FailureMode2|Condition2|ItemCount|EditInspectionName|EditStatus|ActionItemCount
Inspection_Management|dev2|marketsmanager2023@gmail.com|Abc@123456|Market India Automation|C6 Automation Sanity|C5 Automation Sanity|Cust Automation Sanity Site Aus|I1 Automation Sanity|Counterweight|Pulleys|Damaged|Fault|To Be Completed|Chutes/Load Area|Chute|Broken|Critical|2|I1-Edit Automation Sanity|Completed|1
Inspection_Management|stage|marketsmanager2023@gmail.com|Abc@123456|Market India Automation|C6 Automation Sanity|C5 Automation Sanity|Cust Automation Sanity Site Aus|I1 Automation Sanity|Counterweight|Pulleys|Damaged|Fault|To Be Completed|Chutes/Load Area|Chute|Broken|Critical|2|I1-Edit Automation Sanity|Completed|1

key|Env|UserName|Password|FullName|CustSiteName|ConveyorName|InspectionName
Inspection_Report|dev2|marketsmanager2023@gmail.com|Abc@123456|Market India Automation|Cust Automation Sanity Site Aus|C6 Automation Sanity|I1-Edit Automation Sanity
Inspection_Report|stage|marketsmanager2023@gmail.com|Abc@123456|Market India Automation|Cust Automation Sanity Site Aus|C6 Automation Sanity|I1-Edit Automation Sanity

key|Env|UserName|Password|FullName|InspectionName
Inspection_Delete|dev2|marketsmanager2023@gmail.com|Abc@123456|Market India Automation|I1-Edit Automation Sanity
Inspection_Delete|stage|marketsmanager2023@gmail.com|Abc@123456|Market India Automation|I1-Edit Automation Sanity

key|Env|UserName|Password|FullName|ConveyorName|CustSiteName|PositionName|TopCoverThickness|BottomCoverThickness|Durometer|TopCoverCompound|BottomCoverCompound|SegmentName|TopBottom|TonsCovered|PositionDurometer|EditSegmentName|EditStatus
CoverWear_Management|dev2|marketsmanager2023@gmail.com|Abc@123456|Market India Automation|C6 Automation Sanity|Cust Automation Sanity Site Aus|Add Position|7|5|45|ARCTIC GOLD|ARCTIC|Pos|FALSE|Broken|80|NewEdit-Pos|Completed
CoverWear_Management|stage|marketsmanager2023@gmail.com|Abc@123456|Market India Automation|C6 Automation Sanity|Cust Automation Sanity Site Aus|Add Position|7|5|45|ARCTIC GOLD|ARCTIC|Pos|FALSE|Broken|80|NewEdit-Pos|Completed

key|Env|UserName|Password|CustSiteName|ImgName|FolderName|pdfFile|videoFile
File_Manager|dev2|marketsmanager2023@gmail.com|Abc@123456|Cust Automation Sanity Site Aus|corp.jpeg|I-Drive|conveyors.pdf|sample.mp4
File_Manager|stage|marketsmanager2023@gmail.com|Abc@123456|Cust Automation Sanity Site Aus|corp.jpeg|I-Drive|conveyors.pdf|sample.mp4

key|Env|UserName|Password|FullName|ConveyorName2|ConveyorName3|ConveyorName5|ConveyorName6|ConveyorName7|ConveyorName8|CustSiteAusName|CustSiteNZName|DistShopAusName|CustCorpName|DistCorpName|FullName|FullName1
Delete_Functionality|dev2|contiplus_admin@maildrop.cc|Abc@123456|Market India Automation|C2 Automation Sanity|C3 Automation Sanity|C5 Automation Sanity|C6 Automation Sanity|C7 Automation Sanity|C8-Edit Automation Sanity|Cust Automation Sanity Site Aus|Cust Automation Sanity Site NZ|Dist  Automation Sanity Australia|Cust-Edit Automation Sanity Corp|Dist Automation Sanity Corp|Market India Automation|Distributor Automation
Delete_Functionality|stage|contiplus_admin@maildrop.cc|Abc@123456|Market India Automation|C2 Automation Sanity|C3 Automation Sanity|C5 Automation Sanity|C6 Automation Sanity|C7 Automation Sanity|C8-Edit Automation Sanity|Cust Automation Sanity Site Aus|Cust Automation Sanity Site NZ|Dist  Automation Sanity Australia|Cust-Edit Automation Sanity Corp|Dist Automation Sanity Corp|Market India Automation|Distributor Automation

key|Env|UserName|Password|CustCorpName|CustSiteName|ConveyorName|DetectionModel|Side|colorMap|irName|rgbName
Conveyor_Inspect|dev2|marketsmanager2023@gmail.com|Abc@123456|Conveyor Inspect Sanity Corp|Conveyor Inspect Sanity Site|C1 Conveyor Inspector|ctp-object-detection-models-dev/models/baseline-yolo|LHS|Hot|img_ir.JPG|img_rgb.JPG
Conveyor_Inspect|stage|marketsmanager2023@gmail.com|Abc@123456|Conveyor Inspect Sanity Corp|Conveyor Inspect Sanity Site|C1 Conveyor Inspector|ctp-object-detection-models-dev/models/baseline-yolo|LHS|Hot|img_ir.JPG|img_rgb.JPG

key|Env|UserName|Password|CalculationName|NewCalculationName|Site|ConveyorName|Description|Program|ManufacturingLocation|Units|BeltWidth|BeltSpeed|TonsPerHourPeak|PickMaterialName|MaterialDensity|AngleOfIdler|CarrySideIdlerSpacing|DriveWrapAngle|FrictionFactor|LengthFactor|SurchargeAngle|IdlerOffset|DriverDetails|TakeUpDetails|SpliceType|Stations|DriveLocation|TakeUpLocation|HorzOffset|ElevOffset|TradeName|CoverGrade|Rating|Plies|CoverGaugeUnits|GaugeTopCover|GaugePulleyCover|TotalBeltLength|NumberOfRolls|PulleyDiameterHead|PulleyDiameterDrive|PulleyDiameterTakeUp|PulleyDiameterTail|TransitionLengthHead|TransitionLengthTail|TakeUpTensionIfKnown|CurveRadius1|CurveRadius2|CurveRadius3|CurveRadius4
Minuteman_func|dev2|marketsmanager2023@gmail.com|Abc@123456|Sanity - Legacy - Metric|Edit - Sanity - Legacy - Metric|Cust Automation Sanity Site Aus|C6 Automation Sanity|Automation Test|Legacy Minuteman|United States|Metric|1219.20|2.54|1088.93|Coal|881|35|1.22|Single drive 210|0.022|200|Average Flowing 2  (25 degrees)|In-Line|Lagged|Auto|Vulcanized|4|4|3|[0.00,30,122,152]|[0.00,0,15,15]|Plylon Plus|Defender Plus|440|4|Fraction|1/4|1/8|317.91|1|406.4|406.4|406.4|406.4|1943.88|3258.25|0|182.04|207.17|0|0
Minuteman_func|stage|marketsmanager2023@gmail.com|Abc@123456|Sanity - Legacy - Metric|Edit - Sanity - Legacy - Metric|Cust Automation Sanity Site Aus|C6 Automation Sanity|Automation Test|Legacy Minuteman|United States|Metric|1219.20|2.54|1088.93|Coal|881|35|1.22|Single drive 210|0.022|200|Average Flowing 2  (25 degrees)|In-Line|Lagged|Auto|Vulcanized|4|4|3|[0.00,30,122,152]|[0.00,0,15,15]|Plylon Plus|Defender Plus|440|4|Fraction|1/4|1/8|317.91|1|406.4|406.4|406.4|406.4|1943.88|3258.25|0|182.04|207.17|0|0

key|Env|UserName|Password|DeviceName|DeviceType|InstallationDate|Brand|SerialNumber|RemoteConnection|CommisioningDate|BeltConveyorSaves|FirmWareVersion|ConveyorName|NewDeviceName|Status
BeltMonitoring|dev2|marketsmanager2023@gmail.com|Abc@123456|Sanity Automation Device|LoadSense|2024-08-10|conti|12345|Local only|2024-08-15|10|test123|C6 Automation Sanity|Edit-Sanity Automation Device|Running
BeltMonitoring|stage|marketsmanager2023@gmail.com|Abc@123456|Sanity Automation Device|LoadSense|2024-08-10|conti|12345|Local only|2024-08-15|10|test123|C6 Automation Sanity|Edit-Sanity Automation Device|Running

key|Env|UserName|Password|DeviceName|DeviceType|InstallationDate|Brand|SerialNumber|RemoteConnection|CommisioningDate|BeltConveyorSaves|FirmWareVersion|ConveyorName|NewDeviceName
CordProtect|dev2|marketsmanager2023@gmail.com|Abc@123456|CG|LoadSense|2024-08-10|conti|12345|Local only|2024-08-15|10|test123|C6 Automation Sanity|Edit-Sanity Automation Device
CordProtect|stage|marketsmanager2023@gmail.com|Abc@123456|CG|LoadSense|2024-08-10|conti|12345|Local only|2024-08-15|10|test123|C6 Automation Sanity|Edit-Sanity Automation Device

key|Env|UserName|Password|DateOfScan|NewDateOfScan|File2|File1|NotifyCCM|ConveyorName|CustSiteAusName|ScanReason
BeltScan|dev2|marketsmanager2023@gmail.com|Abc@123456|2024-08-15|2024-08-16|backup.bin|temp.bin|Eugen Wagner|C6 Automation Sanity|Cust Automation Sanity Site Aus|Belt mistracking
BeltScan|stage|marketsmanager2023@gmail.com|Abc@123456|2024-08-15|2024-08-16|backup.bin|temp.bin|Eugen Wagner|C6 Automation Sanity|Cust Automation Sanity Site Aus|Belt mistracking

key|Env|UserName|Password|BeltWidth|Density|SurchrgeAngle|BeltSpeed|Tonnage|TroughAngle|ConveyorLoad|RollerInclination|Ratio|ReelShape|InnerDiameter|RaceTrack|ReelWeight|BeltThickness|BeltLength|BeltWeight|ReelDiameter|ReelLength|Revolutions|TotalWeight|BeltType|BreakingStrength|BreakingForce|BeltTension|SafetyFactor|SafetyFactorMinimum|StartUpMinimum|TotalWeight|SafetyFactorPN|SafetyFactorST|OperatingTension1|BreakingStrength1|OperatingTension|TapedLength|TimeRevolutions|Direction|Point1|Point2|WrapAngle
FreeTools|dev2|marketsmanager2023@gmail.com|Abc@123456|1700|1300|30|5|6000|45|46|50|0.2|Race Track|700|2000|1300|30|400|100|3.105|5.105|40.5|41300|Steel|1000|1700|100|17|6.7|4.8|41300|10|6.67|336|1500|504|1000|200|Counterclockwise|60|180|240
FreeTools|stage|marketsmanager2023@gmail.com|Abc@123456|1700|1300|30|5|6000|45|46|50|0.2|Race Track|700|2000|1300|30|400|100|3.105|5.105|40.5|41300|Steel|1000|1700|100|17|6.7|4.8|41300|10|6.67|336|1500|504|1000|200|Counterclockwise|60|180|240

key|Env|UserName|Password|DesignerName|Market|SpliceKit|CustomerName|ConveyorName|ApproverName|BeltConstruction|BeltWidth|BeltType|TopCoverCompound|BottomCoverCompound|TopCoverThickness|BottomCoverThickness|OverAllBeltThickness|BiasAngle|SpliceType|TopCoverCompoundName|FingerWidthVal|PullBackLengthVal|BreakerGapVal|TopOverlapVal|BottomOverlapVal|CoverOffsetVal|CoverCutsetVal|FingerEdgeWidthVal|CarcassWidthVal|CureTemperature|CurePressure|CureTime|DimensionUnit|DraftStatus|Comments|InReviewStatus|ToReviewStatus|ApprovedStatus|MarketUserName|MarketPassword|ApproveComments
Add_fabricSplic|dev2|marketsmanager2023@gmail.com|Abc@123456|Market India Automation|EMEA|Szeged|Cust Automation Sanity Site Aus|C6 Automation Sanity|Sand_Master|ContiTitan|1200|EPP400/1|Defender Plus|Survivor|5.5|3|9|16.7|Finger|Defender Plus|0|0|30|25|50|25|12|0|1170|155|100 - 130 psi / 8 - 10 bar / 690kPA |30|mm|Draft|Review Fabric Splice Design-Automation|In Review|To Review|Approved|sandhani2531@gmail.com|Abc@123456|Design Approved
Add_fabricSplic|stage|marketsmanager2023@gmail.com|Abc@123456|Market India Automation|EMEA|Szeged|Cust Automation Sanity Site Aus|C6 Automation Sanity|Sand_Master|ContiTitan|1200|EPP400/1|Defender Plus|Survivor|5.5|3|9|16.7|Finger|Defender Plus|0|0|30|25|50|25|12|0|1170|155|100 - 130 psi / 8 - 10 bar / 690kPA |30|mm|Draft|Review Fabric Splice Design-Automation|In Review|To Review|Approved|sandhani2531@gmail.com|Abc@123456|Design Approved

key|Env|UserName|Password|Market|SpliceKit|CustomerName|ConveyorName|ApproverName|BeltRating|BeltWidth|TopCoverCompound|BottomCoverCompound|TopCoverThickness|BottomCoverThickness|OverAllBeltThickness|CordDiameter|CordPitch|NumberOfCords|NoOfSteps|SplicePattern|SpliceType|NumberOfRepeatsA|NumberOfRepeatsB|CoverCut|CordButtGap|TransitionLength|BiasLength|BiasAngle|StepLength|SpliceLength|OverAllSpliceLength|CordDiameterBelt|CordDiameterSplice|NoOfCordsBelt|NoOfCordsSplice|CordSpacingBelt|CordSpacingSplice|CordPitchBelt|CordPitchSplice|AllDimension|Temperature|Pressure|VulcanizationTime|DraftStatus|InReviewStatus|ToReviewStatus|ApprovedStatus|Comments|ApproveComments|ApproverUserName|ApproverPassword
Add_StealCord|dev2|marketsmanager2023@gmail.com|Abc@123456|APAC|Bayswater|Cust Automation Sanity Site Aus|C6 Automation Sanity|Sand_Master|ST 5000|1500|Monster Hide Plus|AS-S|20|9|42.5|12.4|20.9|69|5|5 Stage - See R&D|(N-11)/6|0|0|20|50|250|600|22|900|5650|6250|12.4|12.4|69|0|8.5|-1,454.5|20.9|-1,442.1|mm|145°C ± 3°C|150 - 200 psi / 12 - 14 bar / 1030 - 1379 kPA|130|Draft|In Review|To Review|Approved|For review|Approved Review|sandhani2531@gmail.com|Abc@123456
Add_StealCord|stage|marketsmanager2023@gmail.com|Abc@123456|APAC|Bayswater|Cust Automation Sanity Site Aus|C6 Automation Sanity|Sand_Master|ST 5000|1500|Monster Hide Plus|AS-S|20|9|42.5|12.4|20.9|69|5|5 Stage - See R&D|(N-11)/6|0|0|20|50|250|600|22|900|5650|6250|12.4|12.4|69|0|8.5|-1,454.5|20.9|-1,442.1|mm|145°C ± 3°C|150 - 200 psi / 12 - 14 bar / 1030 - 1379 kPA|130|Draft|In Review|To Review|Approved|For review|Approved Review|sandhani2531@gmail.com|Abc@123456

key|Env|UserName|Password|HeavyEquipmentName|Category|Model|Year|SerialNumber|DistShopName|EditHeavyEquipmentName|ImageName|PdfFile
Heavy_Equipment|dev2|marketsmanager2023@gmail.com|Abc@123456|CH Sanity Automation|Belt Puller|CH-Sanity|2020|CH-1234|Dist Automation Common India|CH-2 Sanity Automation|corp.jpeg|conveyors.pdf
Heavy_Equipment|stage|marketsmanager2023@gmail.com|Abc@123456|CH Sanity Automation|Belt Puller|CH-Sanity|2020|CH-1234|Dist Automation Common India|CH-2 Sanity Automation|corp.jpeg|conveyors.pdf

key|Env|UserName|Email|Password|Phone|UserType|UserType|DistCorpName|DistCorpAddress
Permission_territory|dev2|Territory Automation|territorygermany2023@gmail.com|Abc@123456|9876543210|territory_user|territory_user|Distributor Automation Mobile Corp|Manque Global - Luggage Storage In Mumbai Airport, Chhatrapati Shivaji Maharaj International Airport Road, Navpada, Vile Parle East, Vile Parle, Mumbai, Maharashtra, India
Permission_territory|stage|Territory Automation|territorygermany2023@gmail.com|Abc@123456|9876543210|territory_user|territory_user|Distributor Automation Mobile Corp|Manque Global - Luggage Storage In Mumbai Airport, Chhatrapati Shivaji Maharaj International Airport Road, Navpada, Vile Parle East, Vile Parle, Mumbai, Maharashtra, India

key|Env|UserName|Email|Password|DistCorpName|DistCorpAddress|EditDistCorpName|EditDistCorpAddress
Corporate_DistCorp|dev2|Automation Customer|isolated@maildrop.cc|Abc@123456|Distributor Automation Mobile Corp|Manque Global - Luggage Storage In Mumbai Airport, Chhatrapati Shivaji Maharaj International Airport Road, Navpada, Vile Parle East, Vile Parle, Mumbai, Maharashtra, India|Distributor-Edit Automation Mobile Corp|Manque Global - Luggage Storage In Mumbai Airport, Chhatrapati Shivaji Maharaj International Airport Road, Navpada, Vile Parle East, Vile Parle, Mumbai, Maharashtra, India
Corporate_DistCorp|stage|Automation Customer|isolated@maildrop.cc|Abc@123456|Distributor Automation Mobile Corp|Manque Global - Luggage Storage In Mumbai Airport, Chhatrapati Shivaji Maharaj International Airport Road, Navpada, Vile Parle East, Vile Parle, Mumbai, Maharashtra, India|Distributor-Edit Automation Mobile Corp|Manque Global - Luggage Storage In Mumbai Airport, Chhatrapati Shivaji Maharaj International Airport Road, Navpada, Vile Parle East, Vile Parle, Mumbai, Maharashtra, India

key|Env|UserName|Email|Password|CustCorpName|CustCorpAddress|EditCustCorpName|EditCustCorpAddress
Corporate_CustCorp|dev2|Automation Customer|isolated@maildrop.cc|Abc@123456|Customer Automation Mobile Corp|Manque Global - Luggage Storage In Mumbai Airport, Chhatrapati Shivaji Maharaj International Airport Road, Navpada, Vile Parle East, Vile Parle, Mumbai, Maharashtra, India|Customer-Edit Automation Mobile Corp|Manque Global - Luggage Storage In Mumbai Airport, Chhatrapati Shivaji Maharaj International Airport Road, Navpada, Vile Parle East, Vile Parle, Mumbai, Maharashtra, India
Corporate_CustCorp|stage|Automation Customer|isolated@maildrop.cc|Abc@123456|Customer Automation Mobile Corp|Manque Global - Luggage Storage In Mumbai Airport, Chhatrapati Shivaji Maharaj International Airport Road, Navpada, Vile Parle East, Vile Parle, Mumbai, Maharashtra, India|Customer-Edit Automation Mobile Corp|Manque Global - Luggage Storage In Mumbai Airport, Chhatrapati Shivaji Maharaj International Airport Road, Navpada, Vile Parle East, Vile Parle, Mumbai, Maharashtra, India

key|Env|UserName|Email|Password|DistShopName|DistShopAddress|DistCorpName|Territory|Manager|EditDistShopName|EditDistShopAddress|Associatedcount
Corporate_distributorShop|dev2|Automation Customer|isolated@maildrop.cc|Abc@123456|Dist Automation Mobile  Shop|India Gate, Kartavya Path, India Gate, New Delhi, Delhi, India|Distributor-Edit Automation Mobile Corp|Venezuela|Isolated User|Dist-Edit Automation Mobile  Shop|India Gate, Kartavya Path, India Gate, New Delhi, Delhi, India|1
Corporate_distributorShop|stage|Automation Customer|isolated@maildrop.cc|Abc@123456|Dist Automation Mobile  Shop|India Gate, Kartavya Path, India Gate, New Delhi, Delhi, India|Distributor-Edit Automation Mobile Corp|Venezuela|Isolated User|Dist-Edit Automation Mobile  Shop|India Gate, Kartavya Path, India Gate, New Delhi, Delhi, India|1

key|Env|UserName|Email|Password|CustSiteName|CustSiteAddress|CustCorpName|DistShopName|Territory|Manager|EditCustSiteName|EditCustSiteAddress|Associatedcount
Corporate_customerSite|dev2|Automation Customer|isolated@maildrop.cc|Abc@123456|Cust Automation Mobile Site |Manque Global - Luggage Storage In Mumbai Airport, Chhatrapati Shivaji Maharaj International Airport Road, Navpada, Vile Parle East, Vile Parle, Mumbai, Maharashtra, India|Customer-Edit Automation Mobile Corp|Dist-Edit Automation Mobile  Shop|Venezuela|Isolated User|Cust-Edit Automation Mobile Site |Manque Global - Luggage Storage In Mumbai Airport, Chhatrapati Shivaji Maharaj International Airport Road, Navpada, Vile Parle East, Vile Parle, Mumbai, Maharashtra, India|1
Corporate_customerSite|stage|Automation Customer|isolated@maildrop.cc|Abc@123456|Cust Automation Mobile Site |Manque Global - Luggage Storage In Mumbai Airport, Chhatrapati Shivaji Maharaj International Airport Road, Navpada, Vile Parle East, Vile Parle, Mumbai, Maharashtra, India|Customer-Edit Automation Mobile Corp|Dist-Edit Automation Mobile  Shop|Venezuela|Isolated User|Cust-Edit Automation Mobile Site |Manque Global - Luggage Storage In Mumbai Airport, Chhatrapati Shivaji Maharaj International Airport Road, Navpada, Vile Parle East, Vile Parle, Mumbai, Maharashtra, India|1

key|Env|UserName|Email|Password|DistShopName|CustSiteName|ConveyorName|EditConveyorName|EditCustSiteName|EditDistShopName|Associatedcount
Corporate_conveyor|dev2|Automation Customer|isolated@maildrop.cc|Abc@123456|Dist-Edit Automation Mobile  Shop|Cust-Edit Automation Mobile Site |C1 Mobile Sanity|C1-Edit Mobile Sanity|Cust-Edit Automation Mobile Site |Dist-Edit Automation Mobile  Shop|1
Corporate_conveyor|stage|Automation Customer|isolated@maildrop.cc|Abc@123456|Dist-Edit Automation Mobile  Shop|Cust-Edit Automation Mobile Site |C1 Mobile Sanity|C1-Edit Mobile Sanity|Cust-Edit Automation Mobile Site |Dist-Edit Automation Mobile  Shop|1

key|Env|UserName|Email|Password|InspectionName|ConveyorName|CustSiteName|AssetName|AssetDetail|FailureMode|EditInspectionName
Corporate_inspection|dev2|Automation Customer|isolated@maildrop.cc|Abc@123456|I1 Mobile Sanity|C1 Mobile Sanity|Cust-Edit Automation Mobile Site |Counterweight|Pulleys|Damaged|I1-Edit Mobile Sanity
Corporate_inspection|stage|Automation Customer|isolated@maildrop.cc|Abc@123456|I1 Mobile Sanity|C1 Mobile Sanity|Cust-Edit Automation Mobile Site |Counterweight|Pulleys|Damaged|I1-Edit Mobile Sanity

key|Env|UserName|Password|Market|STDReqByCustomer|BeltConstruction|CarcassConstruction|TopCoverCompound|TopCoverGauge|BottomCoverCompound|BottomCoverGauge|BeltWidth|BreakerItems|Overallbeltthickness|Comment
BeltInfo|dev2|marketsmanager2023@gmail.com|Abc@123456|APAC|INDIA|ContiTitan|2000/2|SHIELD KG|5|GOLD PLUS|4|1800|TC|20|Added Comments

key|Env|UserName|Email|Password|ConveyorName|CustCorpName|CustSiteName|AssetName|AssetDetail|FailureMode|EditInspectionName
Corporate_coverWear|dev2|Automation Customer|isolated@maildrop.cc|Abc@123456|C1-Edit Mobile Sanity|Customer-Edit Automation Mobile Corp|Cust-Edit Automation Mobile Site |Counterweight|Pulleys|Damaged|I1-Edit Mobile Sanity
Corporate_coverWear|stage|Automation Customer|isolated@maildrop.cc|Abc@123456|C1-Edit Mobile Sanity|Customer-Edit Automation Mobile Corp|Cust-Edit Automation Mobile Site |Counterweight|Pulleys|Damaged|I1-Edit Mobile Sanity